{
    "melhor_custo": 582.9128085759972,
    "tempo_execucao": 3.4405746459960938
}